/	Home Page	Home Page
/SH55126545/VD55149415	Checking-Account	Checking Account
/SH55126545/VD55163347	Savings-Account	Savings Account
/SH55126545/VD55165149	Money-Market	Money Market Account
/SH55126545/VD55166807	Mortgage-30YR-Fixed	30 Year Mortgage Loan
/SH55126545/VD55170364	Mortgage-15YR-Fixed	15 Year Mortgage Loan
/SH5580165/VD55156528	Mortgage-10YR-Fixed	10 Year Mortgage Loan
/SH5580165/VD55173281	VISA-Debit	VISA Debit Card
/SH5582037/VD5582082	IRA	IRA Savings
/SH5584743/VD55178549	Home_Equity_1	"Home Equity Loan under $20,000"
/SH5587637/VD55178312	Home_Equity_2	"Home Equity Loan under $40,000"
/SH559026/VD5568891	Home_Equity_3	"Home Equity Loan under $60,000"
/SH559040/VD55175948	Home_Improvement	Home Improvement Loan
/SH559044/VD5586386	Health_Savings	Health Savings Account
/SH55126545/VD55173061	Overdraft_Protection	Overdraft Protection Plans
/SH55126545/VD55177927	Boat_RV_Loan	Boat and RV Loans
/SH55126545/VD55179433	Car_Loan	Car Loan
/SH55126554/VD55147564	Merit_Access	Merit Access
/SH5568487/VD55169229	Mortgage_5_Yr_ARM	5 Year ARM Loan
/SH5585921/VD55178554	Mortgage_7_Yr_ARM	7 Year ARM Loan
/SH5585921/VD55179070	Vacation_Plan	Vacation Plan Account
/SH5587637/VD55178699	Collage_Tuition	Collage Tuition Plan
